,AMP IC50,CIP IC50,GENT IC50
12PPDStex_f,0.0,0.0,0.0
5DGLCNt2rpp_f,-0.00018446931684094382,-0.001721565665096185,-0.0003797998637917705
BUTtex_f,0.0,0.0,0.0
CO2tpp_f,0.0,0.0,0.0
EX_3ump(e)_b,0.0,0.0,0.0
EX_co2(e)_b,0.0,0.0,0.0
EX_galur(e)_b,0.0,0.0,0.0
EX_glcr(e)_b,0.0,0.0,0.0
EX_glyclt(e)_b,-4.3255275797848486e-05,-0.0007101511949873845,0.0001365027159475894
EX_isetac(e)_b,0.0,0.0,0.0
EX_malttr(e)_b,0.0,0.0,0.0
EX_xyl-D(e)_b,0.0,0.0,0.0
GALURt2rpp_f,0.0,0.0,0.0
GUI2_f,0.0,0.0,0.0
MALTabcpp,0.0,0.0,0.0
MCITL2_f,0.0,0.0,0.0
MELIBtex_f,0.0,0.0,0.0
TARTRtex_f,0.00023564173031136962,0.0024883891393535163,0.0006580413465300696
TREptspp,-0.0015760850441745432,-0.00037740576792586475,0.0005046853525785707
URAt2pp,0.0,0.0,0.0
12PPDStpp_f,0.0,0.0,0.0
23CCMPtex_f,0.0,0.0,0.0
23CGMPtex_f,0.0003403926072085091,0.0020794529019359928,-0.0004338192155372161
23CUMPtex_f,0.0,0.0,0.0
23PDE2pp,0.0,0.0,0.0
23PDE4pp,0.0,0.0,0.0
23PDE9pp,0.0003403928255464166,0.002079454177698141,-0.00043381948306840326
3CMPtex_f,0.0,0.0,0.0
5DGLCNR_f,-0.00018446932452284155,-0.0017215657344915418,-0.00037979987779630163
5DGLCNtex_f,-0.00018446933221054923,-0.0017215658043482978,-0.00037979989232757506
ABUTt2pp,-3.997988237723562e-06,-0.00010367000539691634,-0.0001025470100375283
ABUTtex_f,-3.997988827394061e-06,-0.00010367002038102039,-0.00010254702482782861
ACACCT,0.004679624127772507,-0.012652596629503474,0.001293419108414064
ACACt2pp_f,0.00467962413526832,-0.012652596734673522,0.0012934190985094474
ACACtex_f,0.004679624141990128,-0.012652596837470222,0.0012934190865119635
ACCOAL,0.0,0.0,0.0
ACOAD3f_f,0.0008324789815985249,-0.0003013710557193929,-0.0008789897012906019
ADEt2rpp_f,0.003655654429600483,0.01145977780895106,-0.0015989593805691045
ADEtex_f,0.0036556548111687332,0.011459778610469946,-0.0015989594808324473
AGMtex_f,-5.0389010885387706e-05,0.0014217824618996458,0.0046594111882782875
AKGt2rpp_f,0.0,0.0,0.0
AKGtex_f,0.0,0.0,0.0
ALDD4,8.456443031671467e-06,0.00012244068958075478,-4.919039181786295e-05
ALLPI_f,0.00018096914415788366,-0.002684310041405404,-0.0012521190573688288
ALLTNtex_f,0.0,0.0,0.0
ALLULPE_f,0.0001809691486008046,-0.002684310166836114,-0.0012521191126562267
AMPtex_f,9.147855555302057e-05,0.0001890024912663491,-0.00022869390525160856
ATPS4rpp_f,-4.2829988671011155e-05,0.00026801646811019404,0.0004149743901851037
ARGAGMt7pp_b,-5.038901689681082e-05,0.0014217824659250005,0.004659411250219799
CITt7pp,0.0,0.0,0.0
CITtex_f,0.0,0.0,0.0
CSND,0.0,0.0,0.0
CSNt2pp,0.0,0.0,0.0
CSNtex_f,0.0,0.0,0.0
DADA,-0.0003004329531238361,-0.0020718498976310382,-0.0005858432749032993
DADNt2pp,-0.0003004328704461401,-0.002071849408826604,-0.0005858431452602469
DDPGALA_f,-7.145087552742075e-05,0.0002448193878771134,4.9268796375677775e-05
DHAtex_f,0.0032158655554269176,-0.0006614792107223384,-0.004506773434308816
DHAtpp_f,0.003215865536528293,-0.0006614792230059823,-0.004506773412459431
DTARTD,0.0,0.0,0.0
DURIK1,-0.00030043277111606624,-0.0020718488033524807,-0.0005858429831157114
DURIPP_b,-0.00030043265958711794,-0.0020718481118188557,-0.0005858427970231099
ECOAH3_b,0.0008324789731373694,-0.00030137105420160364,-0.0008789896913677501
EX_23ccmp(e)_b,0.0,0.0,0.0
EX_23cgmp(e)_b,0.0003403930396088802,0.0020794554329980623,-0.0004338197460926253
EX_3cmp(e)_b,0.0,0.0,0.0
EX_3gmp(e)_b,0.0,0.0,0.0
EX_4abut(e)_b,-3.997990698135031e-06,-0.00010367006634317461,-0.00010254707003040561
EX_5dglcn(e)_b,-0.00018446934867518127,-0.0017215659579159187,-0.0003797999302744531
EX_ac(e)_b,3.8739838403492434e-05,-0.00021402484732140463,0.0001339786402802891
EX_acac(e)_b,0.004679624144559192,-0.012652596951096447,0.0012934190791654375
EX_ade(e)_b,0.003655655220639724,0.011459779577431944,-0.0015989595622292472
EX_agm(e)_b,-5.0389024325683654e-05,0.001421782467065802,0.004659411312793232
EX_akg(e)_b,0.0,0.0,0.0
EX_amp(e)_b,9.147889880013899e-05,0.00018900319991841112,-0.00022869476306792952
EX_h2o(e)_f,-0.0009496847483004404,-0.004527919421182148,-0.00045852294101253195
EX_csn(e)_b,0.0,0.0,0.0
EX_cytd(e)_b,0.0,0.0,0.0
EX_dad-2(e)_b,-0.0003004323382340428,-0.0020718461346776575,-0.0005858422923829867
EX_dca(e)_b,0.0008324789843941927,-0.00030137107968488666,-0.0008789897094145908
EX_dha(e)_b,0.003215865470983595,-0.0006614793720999753,-0.00450677338190048
EX_fru(e)_b,0.0,0.0,0.0
EX_gam(e)_b,0.0,0.0,0.0
EX_gam6p(e)_b,0.00017307717222328234,0.00023513458296364683,0.00015396743741140118
EX_glcn(e)_b,0.0,0.0,0.0
EX_glcur(e)_b,0.00011363151661225087,0.013162755989421912,-0.0008870501271363662
EX_indole(e)_f,0.00040199134122183863,0.0038126178944746223,0.00044778217833205586
EX_inost(e)_f,0.0001308270268195052,0.0001773761378290104,0.013298105707696612
EX_lcts(e)_b,0.0,0.0,0.0
EX_lyx-L(e)_b,0.0002556269849593071,-0.0013261283381641256,-0.0013131589374581886
EX_melib(e)_b,0.0,0.0,0.0
EX_minohp(e)_b,0.00013082701651310726,0.00017737610723904732,0.01329810572219999
EX_mnl(e)_b,0.0,0.0,0.0
EX_mso3(e)_b,-0.00011416687851731822,0.0010709039047632465,0.00019918110452370573
EX_ppa(e)_b,0.0,0.0,0.0
EX_pyr(e)_b,0.0005720969983753113,-0.00756800374006664,-0.0010159265268208327
EX_quin(e)_b,0.0,0.0,0.0
EX_rmn(e)_b,0.0,0.0,0.0
EX_sbt-D(e)_b,0.0,0.0,0.0
EX_tartr-D(e)_b,0.0,0.0,0.0
EX_tartr-L(e)_b,0.0002356416393997922,0.0024883884197518633,0.0006580411832293428
EX_taur(e)_b,0.0,0.0,0.0
EX_tre(e)_b,-0.0015760851367111917,-0.0003774058048772051,0.0005046853584089102
EX_tyr-L(e)_b,0.0,0.0,0.0
EX_tyrp(e)_b,0.0,0.0,0.0
EX_ura(e)_b,0.0,0.0,0.0
EX_xan(e)_b,0.0,0.0,0.0
EX_xtsn(e)_b,0.0,0.0,0.0
FALDH2_f,-0.00011416687779626098,0.0010709039010773093,0.00019918110472722046
FDMO2,-0.00011416687837228802,0.0010709039086912685,0.0001991811070453093
FDMO4,8.456424495139726e-06,0.0001224404287898,-4.9190287872032406e-05
FFSD,0.0,0.0,0.0
FRUpts2pp,0.0,0.0,0.0
FRUptspp,0.0,0.0,0.0
FRUtex_f,0.0,0.0,0.0
FUMt2_2pp,9.992656293450383e-05,0.001292938402139779,0.0012955211975143493
GALCTD,0.0,0.0,0.0
GALCTNt2pp,-7.145068436514015e-05,0.0002448187081369555,4.9268661878179716e-05
GALCTNtex_f,-7.145066127967105e-05,0.00024481862902779833,4.926864596585595e-05
GALS3,0.0,0.0,0.0
GAM6Pt6_2pp,0.00017307709998207188,0.0002351344848345636,0.00015396737324870503
GAMptspp,0.0,0.0,0.0
GAMtex_f,0.0,0.0,0.0
GLCNt2rpp_f,0.0,0.0,0.0
GLCNtex_f,0.0,0.0,0.0
GLCRD,0.0,0.0,0.0
GLCRtex_f,0.0,0.0,0.0
GLCURt2rpp_f,0.0001136315002774595,0.013162755933298933,-0.0008870501368383035
GLCURtex_f,0.00011363148708330579,0.01316275588405597,-0.0008870501461291343
GLYCLTt2rpp_f,-4.325530670834579e-05,-0.000710151633079094,0.00013650279792903794
GLYCLTtex_f,-4.325531201909052e-05,-0.0007101517186944422,0.00013650281461314895
GUI1_f,0.00011363147797232335,0.01316275585009564,-0.0008870501548275099
HACD3_b,0.0008324789903123875,-0.00030137108261765603,-0.0008789897159210487
HACD4_b,0.0008324789939756363,-0.0003013710854552218,-0.0008789897204064337
INDOLEt2pp,0.0004019913260290063,0.00381261778419409,0.0004477821691034358
INDOLEtex_b,0.00040199131041637233,0.0038126176700824794,0.00044778215946688894
ISETACabcpp,0.0,0.0,0.0
LACZ,0.0,0.0,0.0
LCARS_b,0.0,0.0,0.0
LCTStex_f,0.0,0.0,0.0
LCTStpp_f,0.0,0.0,0.0
LYXt2pp,0.00025562700211330803,-0.001326128434505925,-0.0013131590294878845
LYXtex_f,0.0002556270190958244,-0.0013261285317049546,-0.0013131591217109793
M1PD_f,0.0,0.0,0.0
MALTTRabcpp,0.0,0.0,0.0
MALTtexi,0.0,0.0,0.0
MANAO_b,0.00011363147308057842,0.013162755833206754,-0.000887050162397043
METSOX1abcpp,-0.0012955587791176624,0.001956614731272133,0.0008765268585603908
METSOXR1,-0.0012955587907166693,0.0019566147495011883,0.0008765268663705754
MINOHPtexi,0.00013082700438940334,0.0001773760776087399,0.013298105738875753
MLTG1,0.0,0.0,0.0
MNLptspp,0.0,0.0,0.0
MNLtex_f,0.0,0.0,0.0
MNNH,0.00011363147237031144,0.013162755829945236,-0.0008870501694951759
NTD5pp,0.0,0.0,0.0
NTD7pp,9.147950823958587e-05,0.00018900447104624625,-0.0002286962645441392
PHYTSpp,0.00013082698802896828,0.0001773760408469996,0.013298105757425625
PPAt4pp,0.0,0.0,0.0
PPAtex_f,0.0,0.0,0.0
PSERtex_f,0.0,0.0,0.0
PUNP6_f,-0.00030043224110299873,-0.002071845536335753,-0.0005858421328927501
PUNP7_f,0.0,0.0,0.0
PYRt2rpp_f,0.0005720969960052422,-0.007568003908102081,-0.0010159265456659897
PYRtex_f,0.0005720969927755432,-0.00756800405765388,-0.0010159265634137429
QUIN2tex_f,0.0,0.0,0.0
QUIN2tpp_f,0.0,0.0,0.0
QUINDH_f,0.0,0.0,0.0
RMPA_f,0.0,0.0,0.0
SBTPD_f,0.0,0.0,0.0
SUCCtex_f,0.0,0.0,0.0
TARTD,0.00023564162807782716,0.002488388338389772,0.000658041162210179
TARTRDtex_f,0.0,0.0,0.0
TARTRt7pp_f,0.0002356416187891791,0.0024883882771595082,0.0006580411458846101
TARTt2_3pp,0.0,0.0,0.0
TAURabcpp,0.0,0.0,0.0
THRPtex_f,0.0,0.0,0.0
TRE6PH,-0.0015760852119349714,-0.00037740582655640105,0.0005046853801704478
TRPt2rpp_f,0.0004019912954764019,0.0038126175619836193,0.0004477821516247689
TRPtex_f,0.00040199128244275726,0.00381261746794342,0.00044778214462768605
TYRPpp,0.0,0.0,0.0
URAt2rpp_f,0.0,0.0,0.0
URAtex_f,0.0,0.0,0.0
UREAtpp_b,-5.038901579758797e-05,0.0014217825412373864,0.0046594114279868305
X5PL3E,0.00025562703456418953,-0.0013261286213972557,-0.0013131592059418846
XANtex_f,0.0,0.0,0.0
XANtpp_f,0.0,0.0,0.0
XTSNt2rpp_f,0.0,0.0,0.0
XTSNtex_f,0.0,0.0,0.0
23CAMPtex_f,0.0,0.0,0.0
23PDE7pp,0.0,0.0,0.0
3AMPtex_f,0.0,0.0,0.0
3GMPtex_f,0.0,0.0,0.0
3UMPtex_f,0.0,0.0,0.0
ACACT3r_b,0.0008324789924956401,-0.0003013710863869889,-0.0008789897191816391
ACACT4r_b,0.0008324789904123383,-0.00030137108716560274,-0.0008789897176196549
ACALD_b,0.0,0.0,0.0
ACOAD4f_f,0.000832478985598647,-0.00030137108696359825,-0.0008789897131827982
ACt2rpp_f,3.873987981917288e-05,-0.0002140250881683348,0.0001339787882254582
ACtex_f,3.873989061691711e-05,-0.00021402514799945797,0.00013397882565534047
AGMT,-5.038902161985829e-05,0.0014217825411212634,0.004659411473202311
ALAR_b,0.0,0.0,0.0
ALLK,0.00018096915609254168,-0.002684310636964762,-0.0012521193090452413
ALLTNt2rpp_f,0.0,0.0,0.0
ALLabcpp,0.00018096915983305487,-0.0026843107494171617,-0.0012521193584586739
ALLtex_f,0.00018096916304199685,-0.0026843108540368405,-0.001252119404306201
H2Otpp_b,-0.0015760726078334576,-0.004579583761013173,-0.0004174211205217691
H2Otex_b,-0.0009496878276101456,-0.0045279322271457,-0.0004585239236455178
BUTSO3abcpp,8.456403481412682e-06,0.00012244013789430332,-4.919017227755861e-05
BUTSO3tex_f,8.456408858051739e-06,0.00012244021572115695,-4.919020352488298e-05
BUTt2rpp_f,0.0,0.0,0.0
CBMKr_b,0.0,0.0,0.0
CGLYtex_f,-0.0001593125272243116,0.001127064121524601,0.00011343130286229615
CO2tex_f,0.0,0.0,0.0
CYSDDS,0.0,0.0,0.0
CYSDtex_f,0.0,0.0,0.0
CYTDtex_f,0.0,0.0,0.0
DADNtex_f,-0.0003004318127995638,-0.002071843068234945,-0.0005858415313321632
DALAtex_f,0.0,0.0,0.0
DDGALK,-7.145041629374016e-05,0.00024481774534103557,4.9268472280329106e-05
DM_AACALD,0.0,0.0,0.0
DTMPtex_f,0.0,0.0,0.0
ECOAH4_b,0.0008324789691116247,-0.00030137111188854133,-0.000878989705858609
EX_12ppd-S(e)_b,0.0,0.0,0.0
EX_23camp(e)_b,0.0,0.0,0.0
EX_23cump(e)_b,0.0,0.0,0.0
EX_3amp(e)_b,0.0,0.0,0.0
EX_ala-D(e)_b,0.0,0.0,0.0
EX_all-D(e)_b,0.0001809691550233155,-0.0026843113141393087,-0.001252119575733896
EX_but(e)_b,0.0,0.0,0.0
EX_butso3(e)_b,8.456415864970325e-06,0.00012244031717729208,-4.9190244265260655e-05
EX_cgly(e)_b,-0.0001593125151345874,0.0011270640351349905,0.00011343129451985029
EX_cit(e)_b,0.0,0.0,0.0
EX_cys-D(e)_b,0.0,0.0,0.0
EX_dtmp(e)_b,0.0,0.0,0.0
EX_fuc-L(e)_b,0.0,0.0,0.0
EX_fum(e)_b,9.992654401386573e-05,0.0012929382195837253,0.001295521034402921
EX_gal(e)_b,0.0,0.0,0.0
EX_galct-D(e)_b,0.0,0.0,0.0
EX_galctn-D(e)_b,-7.145044899473598e-05,0.00024481785751086037,4.926849486634055e-05
EX_galctn-L(e)_b,0.0,0.0,0.0
EX_galt(e)_b,0.0,0.0,0.0
EX_glyc3p(e)_b,0.0,0.0,0.0
EX_gthrd(e)_b,0.0,0.0,0.0
EX_gua(e)_b,0.0024036670435117974,0.00016048768818606866,0.0025718902713345697
EX_hxa(e)_b,0.0019901233135722913,0.004375803262653804,0.0008078170482286086
EX_malt(e)_b,0.0,0.0,0.0
EX_man(e)_b,0.0,0.0,0.0
EX_metsox-S-L(e)_b,-0.0012955587547109119,0.001956614624230794,0.0008765268316729072
EX_pser-L(e)_b,0.0,0.0,0.0
EX_succ(e)_b,0.0,0.0,0.0
EX_sucr(e)_b,0.0,0.0,0.0
EX_thrp(e)_b,0.0,0.0,0.0
EX_trp-L(e)_b,0.00040199130615833055,0.0038126176045324865,0.00044778215895002537
EX_ump(e)_b,0.0,0.0,0.0
EX_urea(e)_f,-5.0388995133549585e-05,0.0014217826508439232,0.004659411568461073
FALGTHLs_f,-0.00011416686338360597,0.0010709036751307124,0.00019918106907467267
FCI_f,0.0,0.0,0.0
FCLK,0.0,0.0,0.0
FCLPA_f,0.0,0.0,0.0
FDMO,0.0,0.0,0.0
FORtex_f,0.00015167215922749384,-0.0029738542895719213,0.0029803816716091895
FRUK,0.0,0.0,0.0
FUCtex_f,0.0,0.0,0.0
FUCtpp_f,0.0,0.0,0.0
FUMtex_f,9.99265360913322e-05,0.001292938130462112,0.0012955209504563914
GALCTLO,0.0,0.0,0.0
GALCTND,-7.145048735478645e-05,0.0002448179890272993,4.926852134058113e-05
GALCTNLt2pp,0.0,0.0,0.0
GALCTNLtex_f,0.0,0.0,0.0
GALCTt2rpp_f,0.0,0.0,0.0
GALCTtex_f,0.0,0.0,0.0
GALTptspp,0.0,0.0,0.0
GALTtex_f,0.0,0.0,0.0
GALURtex_f,0.0,0.0,0.0
GALtex_f,0.0,0.0,0.0
GAMAN6Ptex_f,0.00017307712931086282,0.0002351345271262221,0.00015396739811290278
GLCRt2rpp_f,0.0,0.0,0.0
GLTPD_f,0.0,0.0,0.0
GLUABUTt7pp_b,-3.997994077912871e-06,-0.00010367014738814713,-0.00010254714925601963
GLYC3Pt6pp,0.0,0.0,0.0
GLYC3Ptex_f,0.0,0.0,0.0
GTHRDHpp,0.0,0.0,0.0
GTHRDtex_f,0.0,0.0,0.0
GUAtex_f,0.0024036671512276233,0.0001604877288160028,0.0025718903323456175
GUAtpp_f,0.002403667259070492,0.0001604877689935435,0.002571890395053548
HEXt2rpp_f,0.0019901232973816023,0.004375803224043468,0.0008078170434166786
HXAtex_f,0.0019901232780270934,0.004375803178590066,0.0008078170372043019
HXCT,0.0019901232559090053,0.004375803127487251,0.00080781703000952
INDOLEt2rpp_b,0.0004019912908797652,0.003812617490539684,0.0004477821500116328
INSTtex_b,0.00013082692446082718,0.0001773758729976935,0.013298105776603546
ISETACtex_f,0.0,0.0,0.0
LACZpp,0.0,0.0,0.0
LYXI,0.00025562706362737276,-0.001326128972437743,-0.0013131594813512875
MALTTRtexi,0.0,0.0,0.0
MAN6PI_f,0.0,0.0,0.0
MANptspp,0.0,0.0,0.0
MANtex_f,0.0,0.0,0.0
MCITD,0.0,0.0,0.0
MCITS,0.0,0.0,0.0
MELIBt2pp,0.0,0.0,0.0
MICITDr_f,0.0,0.0,0.0
MSO3abcpp,-0.00011416687349049356,0.001070903772484949,0.0001991810881273677
MSO3tex_f,-0.00011416688519400084,0.0010709038852676114,0.00019918110999134388
NTD2,-0.00030043181182564163,-0.002071843117544914,-0.0005858415552401958
NTD2pp,0.0,0.0,0.0
PFK_2,0.0,0.0,0.0
PSP_Lpp,0.0,0.0,0.0
PTHRpp,0.0,0.0,0.0
PUNP2_f,-0.0003004318319740112,-0.0020718433106000603,-0.0005858416202589338
PUNP3_b,0.002403667364998044,0.0001604878090913079,0.0025718904572517233
Htex_b,-5.211326611351953e-05,-0.00013709712505472125,-0.00035457126654586565
RMI_f,0.0,0.0,0.0
RMK,0.0,0.0,0.0
RMNtex_f,0.0,0.0,0.0
RMNtpp,0.0,0.0,0.0
SBTptspp,0.0,0.0,0.0
SBTtex_f,0.0,0.0,0.0
SFGTHi,-0.000114166898631418,0.0010709040159930484,0.00019918113641468336
SUCRtex_f,0.0,0.0,0.0
SUCptspp,0.0,0.0,0.0
TAUDO,0.0,0.0,0.0
TAURtex_f,0.0,0.0,0.0
TGBPA_f,0.0,0.0,0.0
TREtex_f,-0.001576085128621903,-0.00037740579957090534,0.0005046853343729604
TRPAS2_f,0.0004019912785128567,0.0038126173977783163,0.00044778214705460247
TYRtex_f,0.0,0.0,0.0
UMPtex_f,0.0,0.0,0.0
UREAtex_b,-5.0389002613856995e-05,0.0014217826295101325,0.004659411558959448
XYLI1_f,0.0,0.0,0.0
XYLK,0.0,0.0,0.0
XYLK2,0.0002556270634867112,-0.0013261289846454819,-0.0013131594932661577
XYLt2pp,0.0,0.0,0.0
XYLtex_f,0.0,0.0,0.0
CYSDabcpp,0.0,0.0,0.0
DCAtex_f,0.0008324789532087957,-0.0003013711068945498,-0.0008789896883642789
EX_alltn(e)_b,0.0,0.0,0.0
EX_for(e)_b,0.0001516721586082922,-0.0029738543209639,0.0029803817099735607
F6PA_b,0.00321586535275947,-0.0006614795867120493,-0.0045067733197635814
FACOAL100t2pp,0.0008324789438251701,-0.00030137110471602306,-0.000878989679017613
METSOX1tex_f,-0.0012955588048340048,0.0019566147041397606,0.0008765268687078154
NAt3pp,0.0,0.0,0.0
TYRPtex_f,0.0,0.0,0.0
DM_OXAM,0.0,0.0,0.0
OXAMTC,0.0,0.0,0.0
URDGLYCD,0.0,0.0,0.0
EX_h(e)_f,-5.211331279543819e-05,-0.0001370972478616554,-0.0003545715806077472
CYTBO3_4pp,0.0,0.0,0.0
NADH16pp,-0.00015273904996258416,0.0010212647434268908,-0.0009920072831254949
FDH4pp,5.354985457715304e-05,-0.002715579872728625,0.002894376297156973
GLYCTO2,0.0,0.0,0.0
EX_etoh(e)_f,0.0,0.0,0.0
ETOHtex_b,0.0,0.0,0.0
ALCD2x_b,0.0,0.0,0.0
ETOHtrpp_b,0.0,0.0,0.0
BUTCT,0.0,0.0,0.0
HACD2_b,0.0024184457554395867,0.003724314964920345,7.218494076372017e-05
ACOAD2f_f,0.0024184456946908218,0.0037243148690439183,7.218493933512559e-05
ECOAH2_b,0.002418445637612261,0.0037243147791280926,7.218493801999646e-05
ACACT2r_b,0.0024184455866392953,0.003724314698928694,7.218493689017828e-05
GALt2pp,0.0,0.0,0.0
ACACT1r_b,0.004626521357208805,-0.01116630088922541,1.894345192211484e-05
MALDt2_2pp,-0.0005267572402931108,-0.0043459506364065936,0.0013665202913589111
MALDDH,-0.0005267572580583985,-0.004345950772487817,0.0013665203381327776
EX_mal-D(e)_b,-0.0005267572761405625,-0.004345950909748091,0.0013665203855227083
MALDtex_f,-0.000526757293804033,-0.004345951042143255,0.0013665204316187407
MALt2_2pp,-1.6940921226809958e-05,-6.581574486767804e-05,2.9555208776855007e-05
MALtex_f,-1.6940946307139925e-05,-6.581584230735587e-05,2.9555252536540803e-05
EX_mal-L(e)_b,-1.694096732531352e-05,-6.581592396550058e-05,2.9555289209377205e-05
PGK_b,-5.6786477411814015e-05,-5.7469783653446125e-05,-0.0032577276022813136
ACOAD1f_f,0.0,0.0,0.0
ECOAH1_b,0.0,0.0,0.0
HACD1_b,0.0,0.0,0.0
MLTP3_f,0.0,0.0,0.0
AMALT4,0.0,0.0,0.0
XPPT,0.0,0.0,0.0
PUNP5_b,0.0,0.0,0.0
AMALT2,0.0,0.0,0.0
MLTP1_f,0.0,0.0,0.0
AMALT3,0.0,0.0,0.0
MLTP2_f,0.0,0.0,0.0
UPPRT,-0.0013904700427014266,0.0007498466446898942,-0.00026120981733801155
PYNP2r_b,-0.0013904830270869979,0.0007498681418870231,-0.0002612086101397489
INSt2pp,0.0,0.0,0.0
INSt2rpp_f,0.0,0.0,0.0
G3PD2_f,0.0,0.0,0.0
DSERDHr_f,-0.005131627533758079,0.0077010059349355495,-0.0014673832615169418
LSERDHr_b,-0.005131627539648654,0.007701005929034181,-0.0014673832557602986
SERD_D,-0.005131810256845643,0.00770246339321211,-0.0014675564582499084
3NTD4pp,0.0,0.0,0.0
LYStex_f,0.0,0.0,0.0
3NTD7pp,0.0,0.0,0.0
ACGAptspp,0.00013477401617812898,0.0009599388647805019,-0.0004138280084120194
AMPTASECG,0.0,0.0,0.0
ARGAGMt7pp_f,0.0,0.0,0.0
CGLYabcpp,0.0,0.0,0.0
CYSabcpp,0.0008853536838331107,0.002434310786480812,0.005658386555431932
CYStex_f,0.0008853536732628608,0.002434310779929912,0.005658386579540367
DSERt2pp,-0.0051317735745115165,0.00770217077648639,-0.0014675216778166304
DSERtex_f,-0.005131773560098981,0.007702170744834231,-0.0014675216661716624
ETHAAL,0.0,0.0,0.0
EX_acmana(e)_b,0.0,0.0,0.0
EX_adn(e)_b,0.0,0.0,0.0
EX_cys-L(e)_b,0.0008853536607202793,0.0024343107676098362,0.0056583865869155245
EX_h2o2(e)_f,0.0006389445654262296,-0.0011249060853934702,0.0028199363598413072
EX_ins(e)_b,0.0,0.0,0.0
EX_ptrc(e)_b,0.0010899117626059767,0.00047664243987177474,0.004785693276456498
EX_ser-D(e)_b,-0.005131773540579775,0.0077021707080803985,-0.0014675216539374726
EX_uri(e)_b,0.0,0.0,0.0
EX_val-L(e)_b,0.0065095691931630045,-0.0032671871317577206,0.0026142020798759305
GLCRAL,0.0,0.0,0.0
H2O2tex_b,0.0006389445678135364,-0.0011249060950419504,0.002819936374861086
ILEt2rpp_f,0.0006986961147175953,0.004087200479151411,-0.003855347638686061
ILEtex_f,0.0006986960970658953,0.004087200404907286,-0.003855347579093042
LYSt2pp,0.0,0.0,0.0
ORNDC,0.0,0.0,0.0
PACALDt2rpp_f,0.0006389445708590765,-0.0011249061060215806,0.002819936393267226
PACCOAL,0.0006389445743180942,-0.0011249061184751153,0.0028199364146526355
PHEtex_f,0.0,0.0,0.0
PTRCtex_f,0.0010899117803635759,0.0004766424355405209,0.004785693409879827
REPHACCOAI_f,0.0006389445776865576,-0.0011249061308743888,0.0028199364357957366
SGSAD,0.0,0.0,0.0
TAGURr_b,0.0,0.0,0.0
URItex_f,0.0,0.0,0.0
12PPDStex_b,2.3214531844533188e-05,-0.000821715481064068,-0.0007738782388719343
12PPDStpp_b,2.3214534457126852e-05,-0.0008217156095315924,-0.0007738783582571819
3NTD9pp,0.0010180466657075831,0.006744043793526905,-0.0027808445136909502
3OXCOAT,0.0006389445818949255,-0.0011249061487037817,0.002819936466540536
ACGAtex_f,0.00013477395451536828,0.0009599384308785197,-0.0004138278223317284
ADNtex_f,0.0,0.0,0.0
AGMtex_b,0.0,0.0,0.0
ALDD19xr_f,0.0006389445841384522,-0.0011249061587767415,0.0028199364832417195
ALTRH,0.0,0.0,0.0
ARGDC,0.0,0.0,0.0
ARGtex_f,0.0,0.0,0.0
AST,0.0,0.0,0.0
DHACOAH_f,0.0006389445861562762,-0.001124906169606259,0.0028199365002517336
ETHAt2pp,0.0,0.0,0.0
ETHAtex_f,0.0,0.0,0.0
EX_12ppd-S(e)_f,2.321453602910464e-05,-0.0008217157109999912,-0.0007738784512074943
EX_acgam(e)_b,0.00013477390301824062,0.0009599380685513027,-0.0004138276670346475
EX_agm(e)_f,0.0,0.0,0.0
EX_arg-L(e)_b,0.0,0.0,0.0
EX_etha(e)_b,0.0,0.0,0.0
EX_g1p(e)_b,0.0,0.0,0.0
EX_g6p(e)_b,0.0,0.0,0.0
EX_ile-L(e)_b,0.0006986960784263165,0.0040872003318524084,-0.0038553475199136393
EX_lys-L(e)_b,0.0,0.0,0.0
EX_peamn(e)_b,0.0006389445872142383,-0.0011249061777863637,0.002819936512601141
EX_phe-L(e)_b,0.0,0.0,0.0
EX_ptrc(e)_f,0.0,0.0,0.0
EX_ser-L(e)_b,0.0006373110876339487,-0.002628652356160925,-0.0036495396710254807
EX_thymd(e)_b,0.0,0.0,0.0
G1PPpp,0.0,0.0,0.0
G1Ptex_f,0.0,0.0,0.0
G6Pt6_2pp,0.0,0.0,0.0
G6Ptex_f,0.0,0.0,0.0
GNK,0.0,0.0,0.0
HADPCOADH3_f,0.0006389445876358166,-0.0011249061862517418,0.0028199365234126603
INStex_f,0.0,0.0,0.0
LCARS_f,2.32145369284951e-05,-0.0008217157735166914,-0.0007738785089926705
OXCOAHDH,0.0006389445871326733,-0.0011249061932055418,0.0028199365307895736
OXDHCOAT,0.0006389445855492842,-0.0011249061986197003,0.0028199365338780757
PACCOAE,0.0006389445829204992,-0.0011249062023881392,0.002819936532812951
PEAMNOpp,0.0006389445792715644,-0.0011249062045450688,0.0028199365276933177
PEAMNtex_f,0.0006389445746668797,-0.0011249062051933698,0.0028199365187904983
PHEt2rpp_f,0.0,0.0,0.0
PTRCtex_b,0.0,0.0,0.0
GAPD_f,-5.6786446511946566e-05,-5.7469735954256624e-05,-0.003257727898512679
SADH,0.0,0.0,0.0
SERtex_f,0.0006373110787093924,-0.0026286523442677874,-0.003649539637192408
SGDS,0.0,0.0,0.0
SOTA,0.0,0.0,0.0
THMDtex_f,0.0,0.0,0.0
VALt2rpp_f,0.006509569161155816,-0.0032671871431571155,0.002614202062247984
VPAMTr_b,0.0065095691333098525,-0.0032671871484885847,0.0026142020378852955
3NTD2pp,0.0,0.0,0.0
ACMANAptspp,0.0,0.0,0.0
ACMANAtex_f,0.0,0.0,0.0
EX_orn(e)_b,0.0,0.0,0.0
ORNtex_f,0.0,0.0,0.0
TYRt2rpp_f,0.0,0.0,0.0
VALtex_f,0.006509569109095134,-0.0032671871522655773,0.002614202013414905
GLUDy_f,0.0,0.0,0.0
ASNNpp,-0.0001345984677029522,-0.0038973283380926327,0.0007487164500735356
ENO_f,-6.299874274434935e-05,0.00019087068835569834,-0.0025514183862469716
ARGORNt7pp_f,0.0,0.0,0.0
LCADi,0.0,0.0,0.0
THRtex_f,0.0,0.0,0.0
EX_thr-L(e)_b,0.0,0.0,0.0
EX_asn-L(e)_b,-0.000490348495080815,-0.004844908286280523,0.0009245745513770974
ASNtex_f,-0.0004903485033879996,-0.00484490827889001,0.0009245745446871323
EX_asp-L(e)_b,0.0,0.0,0.0
ASPtex_f,0.0,0.0,0.0
PGM_b,-0.00018429390379171094,7.614805774416098e-05,-0.003414921938640519
SUCCt2_2pp,0.0,0.0,0.0
ASNN,-0.0007511464838553985,-0.00533496271593716,0.0010147456993991769
ASNt2rpp_f,-0.0007884066177759483,-0.005385621616154833,0.0010231045496941224
FMNRx,-3.538341499031824e-05,0.008230573385381634,-0.0013921653778559287
L-LACD2,-0.00044408203219758156,-0.0040219770649283565,-0.0013684531535788677
HIStex_f,0.0,0.0,0.0
HISt2rpp_f,0.0,0.0,0.0
EX_his-L(e)_b,0.0,0.0,0.0
LEUt2rpp_f,0.0048580749312073825,0.020773710005993984,-0.002980046324127632
LEUtex_f,0.004858075062527135,0.020773710244629085,-0.0029800462740609945
EX_leu-L(e)_b,0.0048580752850034,0.02077371074365861,-0.0029800462276326047
THMDt2pp,0.0,0.0,0.0
THMDt2rpp_f,0.0,0.0,0.0
CYTDt2rpp_f,0.0,0.0,0.0
AMANAPEr_f,0.0,0.0,0.0
DDGLK,0.0,0.0,0.0
EDA,0.0,0.0,0.0
GALKr_f,0.0,0.0,0.0
SERt2rpp_f,0.00010065075326584107,-0.0002943049236158091,-0.00036210517401505843
THYMt3pp,0.0,0.0,0.0
THYMtex_b,0.0,0.0,0.0
TMDK1,0.0,0.0,0.0
TMDPP_f,0.0,0.0,0.0
EX_thym(e)_f,0.0,0.0,0.0
UDPG4E_b,0.0,0.0,0.0
UGLT_f,0.0,0.0,0.0
GLUNpp,-0.00235739693281549,-0.004155810138376908,-0.0012089836498060248
CYTDt2pp,0.0,0.0,0.0
DCTPD,0.0,0.0,0.0
GLUtex_f,0.0,0.0,0.0
EX_glu-L(e)_b,0.0,0.0,0.0
GLNtex_f,-0.0025045306297340002,-0.00333840332969119,-0.0010321463964549677
EX_gln-L(e)_b,-0.0025045308261845978,-0.003338403607126079,-0.0010321464651619466
THRAi,0.0,0.0,0.0
GLYAT_b,0.0,0.0,0.0
THRD,0.0,0.0,0.0
THRt2rpp_f,0.0,0.0,0.0
FADRx2,0.0,0.0,0.0
ME1,0.0,0.0,0.0
CYTDK2,0.0,0.0,0.0
GLNabcpp,-0.0024327474237235917,-0.0015223460933292843,-0.0005994746986704877
CYSDS,0.0004727203562117908,0.0022254935793634737,0.0018461635890450773
CYTD,0.0,0.0,0.0
PPM2_f,0.0,0.0,0.0
DRPA,0.0,0.0,0.0
PUNP3_f,0.0,0.0,0.0
GSNt2pp,0.0,0.0,0.0
EX_h(e)_b,0.0010896384632137933,0.0009573158434253944,0.0008985931554648121
Htex_f,0.0010896392903698524,0.0009573165748802984,0.000898593812018084
MALS,0.0,0.0,0.0
O2tpp_f,0.0,0.0,0.0
ASPt2pp,0.0,0.0,0.0
PTRCORNt7pp_b,0.0,0.0,0.0
ASPt2rpp_f,0.0,0.0,0.0
ASPTA_f,0.0,0.0,0.0
HEX1,0.0,0.0,0.0
GSNK,0.0,0.0,0.0
EX_met-L(e)_b,-0.0013133019564723373,-9.622732670242179e-05,0.0004695068095225619
METtex_f,-0.0013133019637896893,-9.622732353110972e-05,0.00046950681239262324
METabcpp,-0.001313301944855614,-9.622731833575558e-05,0.00046950680586381466
PTRCTA,0.0027669772428908163,0.0038607081068533773,0.00889187581771998
ABUTD,0.002766977186809796,0.003860708000596683,0.00889187581389592
GUAD,5.330024090161512e-07,7.383477482426337e-07,1.5972207339832072e-07
URIt2rpp_f,0.0,0.0,0.0
URIt2pp,0.0,0.0,0.0
ADNt2pp,0.0,0.0,0.0
ADNt2rpp_f,0.0,0.0,0.0
PUNP1_f,0.0,0.0,0.0
AGDC,0.0,0.0,0.0
PGMT_f,0.0,0.0,0.0
H2St1pp,0.0007039874899926376,0.004694902369212983,0.002342503386147662
H2Stex_b,0.0007039874827649363,0.004694902344555822,0.0023425033901425356
EX_h2s(e)_f,0.0007039874924934745,0.0046949024247737,0.002342503444922757
XYLI2_f,0.0,0.0,0.0
ADA,0.0,0.0,0.0
OAADC,0.0,0.0,0.0
PPCK,0.0,0.0,0.0
HEX7,0.0,0.0,0.0
SSALy,0.0,0.0,0.0
ABTA,0.0,0.0,0.0
PTRCt2pp,0.0,0.0,0.0
GLYt2pp,-0.00598520347333361,-0.0013642874988026668,0.004937739970269617
PUNP5_f,0.0,0.0,0.0
EX_gly(e)_b,-0.006020970468093381,-0.0013619556844593622,0.0049554417796585405
GLYtex_f,-0.006020970552240781,-0.0013619557084522977,0.0049554418612512766
GLYt2rpp_f,-0.006054629954559431,-0.00135891479723362,0.004972700225555358
ADD,0.001443812472274483,0.0026543625627128745,-0.001551531709439704
INSK,0.0,0.0,0.0
MDH_b,0.0,0.0,0.0
GMPR,0.00034433693753713743,0.0004746046215082645,0.00015495183906801804
G6PDA,0.0,0.0,0.0
GLCt2pp,0.0,0.0,0.0
O2tex_f,0.0,0.0,0.0
GLUt2rpp_f,0.0,0.0,0.0
ICDHyr_b,0.0,0.0,0.0
ACONTa_b,0.0,0.0,0.0
ACONTb_b,0.0,0.0,0.0
SERD_L,0.0,0.0,0.0
ACALD_f,0.0,0.0,0.0
ALAt2rpp_f,0.0,0.0,0.0
CITL,-2.54366818429622e-05,-0.0008088043744764432,-0.0001809143623085078
HXAND,9.089181300482901e-07,3.034530676329169e-06,-2.1666316011346764e-06
ALAtex_f,0.0,0.0,0.0
EX_ala-L(e)_b,0.0,0.0,0.0
ALAt2pp,0.0,0.0,0.0
PYNP2r_f,-0.002163617301229303,0.0012288083862190956,0.0007013618168555442
ALATA_L_f,0.0,0.0,0.0
URIK2,-0.0035257469329345965,0.0020696381197169342,0.0009564442542707384
URAt2rpp_b,-0.004432846993217057,0.0022130586044445677,0.0008982128356062868
EX_ura(e)_f,-0.004432846536067733,0.0022130584589201787,0.0008982127673446269
URAtex_b,-0.004432845887628032,0.0022130582180692015,0.0008982126632868187
GHMT2r_b,-0.000363708277262882,0.00022496823620309878,0.0003413395276177726
VPAMTr_f,-0.0030418271663958207,0.0019253842089004664,0.0027069384410397337
TALA_b,0.0,0.0,0.0
TKT1_b,0.0,0.0,0.0
EX_h2o(e)_b,0.0019477056750930477,0.004421419743201716,-0.0020385332864344703
H2Otex_f,0.0019477064369526709,0.004421421456480001,-0.0020385340730677626
H2Otpp_f,0.0010101032425132764,0.0019265053924900656,-0.000881902728067508
GLYCL,-0.0014298624522806817,0.0008909491854038519,0.0011977169018695447
RPE_b,4.140100471782121e-05,-0.00012430487621653552,6.555790408657586e-05
GLXCL,0.0011461030404828884,0.0023917814277464983,-0.0007101689595984951
GLYCK2,0.0,0.0,0.0
TRSARr_f,0.0,0.0,0.0
URIC,0.0019353693069351773,0.0034403195683354116,-0.000581512251866758
XAND,0.0019353667313592167,0.0034403150080509564,-0.0005815115062365665
EX_o2(e)_b,0.0,0.0,0.0
FTHFD,0.0012147799042539068,0.0025990176158378984,-0.0005603978636355308
UGLYCH,0.0017512133109568839,0.003419944021641242,-0.0006038669072228288
ALLTN,0.0016247618415558298,0.003270469160743303,-0.0005849301081726329
ALLTAMH,0.00162475810011925,0.0032704616782381376,-0.0005849288037275913
TRPS1,-0.00121804297723091,0.0006230746399189331,0.0002089579797627152
RPI_f,-0.00045203225638281076,0.0046202516033431885,-0.0012882830601763232
NH4tpp_b,0.002045082022453319,0.0025869337806010907,-0.0008187685528598072
TKT2_b,0.0004568091523330161,-0.004040616572994894,0.0018215844061255097
R15BPK,-0.0016904788292281113,0.0056177994994102125,-9.92228582837575e-05
R1PK,-0.0016904782573589337,0.005617796828613856,-9.922278335917353e-05
PPM_f,-0.0017760730557524057,0.0054041499852031044,-0.0004255738026444543
NH4tex_b,0.0008682120983205313,0.0009777727267311742,-0.0003843313090562233
EX_nh4(e)_f,0.0008682077028725247,0.0009777677605194801,-0.0003843293755855926
EX_pi(e)_f,0.000633552736541467,0.01028221725680655,-0.0005824741427949576
PItex_b,0.0006335525817565743,0.010282215945382,-0.000582474023338838
ME2,-0.0002479130201231594,-0.0006206802485186877,0.0003509937378949806
CO2tpp_b,0.0,0.0,0.0
EX_co2(e)_f,0.0,0.0,0.0
CO2tex_b,0.0,0.0,0.0
ACt2rpp_b,-0.0002241923894981886,-0.000321007046295512,-0.0006575984686824686
EX_ac(e)_f,-0.0002440710873646308,-0.0003531371257004535,-0.0007225510830512129
ACtex_b,-0.0002440709360892918,-0.000353136909419374,-0.0007225506297361635
EX_nh4(e)_b,0.002262325525596535,-0.006632095913064399,-0.004444981063956562
NH4tex_f,0.0022623253153986568,-0.006632094288306838,-0.004444980162432153
FESR,0.0,0.0,0.0
FESD1s,0.0,0.0,0.0
MOX_f,0.0,0.0,0.0
PTAr_b,0.0,0.0,0.0
ACKr_f,0.0,0.0,0.0
PDX5POi,0.0,0.0,0.0
NH4tpp_f,0.0021830677665393423,-0.007001954582584938,-0.004627430088352611
ACKr_b,0.0,0.0,0.0
PTAr_f,0.0,0.0,0.0
TPI_f,0.0003920600527278436,-0.001309216104703015,-0.003509693874195274
GLUDy_b,0.0015226514825167326,0.0018301424582812126,-0.003934482222309512
PFL,0.0,0.0,0.0
F6PA_f,0.0,0.0,0.0
DHAPT,0.0,0.0,0.0
RPE_f,-0.00113651704268963,0.001628365352721178,-0.0003263611632793169
EX_for(e)_f,0.0,0.0,0.0
FORtex_b,0.0,0.0,0.0
FORtppi,0.0,0.0,0.0
GLCptspp,0.0,0.0,0.0
EX_glc(e)_b,0.0,0.0,0.0
RBK_L1,0.0,0.0,0.0
SUCOAS_b,0.0,0.0,0.0
RBP4E_f,0.00036161716011379115,-0.0002588837771959099,-0.001768910645602883
AKGDH,0.0,0.0,0.0
EX_arab-L(e)_b,0.0,0.0,0.0
ARBtex_f,0.0,0.0,0.0
ARAI_f,0.0,0.0,0.0
ARBt2rpp_f,0.0,0.0,0.0
FBA_f,0.0,0.0,0.0
PFK,0.0,0.0,0.0
PDH,0.0,0.0,0.0
PGL,0.0,0.0,0.0
GND,0.0,0.0,0.0
G6PDH2r_f,0.0,0.0,0.0
RPI_b,0.0011865293072903017,-0.002719394999593005,-0.0035781612001832305
TKT1_f,-0.0012875503591678232,0.001924063161145965,-0.0021296427620638406
GLCtex_f,0.0,0.0,0.0
GLCtexi,0.0,0.0,0.0
TKT2_f,-0.0007129437965087328,0.0008931380448075749,-0.0011175224457779366
PPKr_b,0.0,0.0,0.0
PPC,0.0023254565228459706,0.0023645035687574283,-0.008451883602047766
ASPTA_b,4.879499024422438e-05,0.00032817808649498363,-0.0006149024856136348
PGI_f,0.0,0.0,0.0
PYK,1.1117447901645969e-05,5.244352072273602e-05,-0.0002778944396070052
ADK1_f,-0.00026938887258862464,-0.0030794073740591944,-0.0027623119809783146
ATPM,0.0,0.0,0.0
THD2pp,0.0003209413903721826,0.0002593750998373391,-0.0007693143013806035
FADRx,0.0,0.0,0.0
FBA3_f,0.0,0.0,0.0
PFK_3,0.0,0.0,0.0
TALA_f,-0.0009609590913422442,0.0011280164569780155,-0.0011733181676661835
GLNS,0.0,0.0,0.0
PSP_L,0.0009671004563126705,-0.0010855209476821634,-0.000771885789176153
PGCD,0.0009671005858436858,-0.0010855210897340538,-0.0007718858892105281
PSERT,0.00096710073011902,-0.001085521247926009,-0.0007718860009098993
ICDHyr_f,0.0,0.0,0.0
CS,0.0,0.0,0.0
ACONTa_f,0.0,0.0,0.0
ACONTb_f,0.0,0.0,0.0
ASAD_b,0.0,0.0,0.0
ASPK_f,0.0,0.0,0.0
GHMT2r_f,0.001130425524169378,-0.0022556327747707415,-0.0024263362252660327
MDH_f,0.004910436782217127,0.006630386221367346,0.0030011325372281657
FUM_f,-1.7572481207732455e-05,-0.00024393901334986997,0.003747853380661876
Ec_biomass_iJO1366_core_53p95M,0.0,0.0,0.0
PItex_f,-0.0022468059031413696,-0.011472445241877018,-0.003626349821033414
EX_pi(e)_b,-0.0022468058467669445,-0.011472445215147958,-0.0036263497967368905
PIt2rpp_f,0.0002740591982411337,0.00042324312099902895,7.166737349549535e-05
PRPPS_f,0.0007852620896323705,-0.006692391736095932,-0.001363252764832767
MTHFC_f,-0.002238875903334396,-0.0012742992634569852,-0.0007097143937343944
MTHFD_f,-0.002238871636366566,-0.0012742967864332346,-0.0007097130504318774
ACLS,-0.002804684703163719,6.915215421398707e-05,-0.0022349195738986393
KARA1_b,-0.0028046850178869848,6.915210811511264e-05,-0.0022349198132554796
DHAD1,-0.0028046852475133153,6.915206445514335e-05,-0.002234919989213384
NDPK1_f,0.0,0.0,0.0
HSDy_b,0.0,0.0,0.0
CBMKr_f,0.0,0.0,0.0
ALATA_L_b,0.00029341414029530037,-1.3620162142893657e-05,-0.0025289248215256193
HSK,0.0,0.0,0.0
THRS,0.0,0.0,0.0
AICART_f,-0.002548693690434174,-0.0024746877953144746,-0.0007419453188161915
IMPC_b,-0.0025486907747076454,-0.0024746849435657733,-0.0007419444775071773
HCO3E_f,-0.0028802352130330314,-0.002910972150881214,-0.0008111517866673527
SUCOAS_f,0.0,0.0,0.0
IPMD,-0.0007833120265155228,-0.0010471002153192913,-0.0006450469590344255
LEUTAi,-0.0007833125233593047,-0.0010471008857015566,-0.0006450473671677438
IPPMIa_b,-0.0007833127282177687,-0.0010471011656732446,-0.0006450475352684221
OMCDC,-0.0007833126383237121,-0.0010471010515330258,-0.0006450474610585583
IPPS,-0.000783312263782545,-0.0010471005567871932,-0.0006450471528605325
IPPMIb_b,-0.0007833116268605272,-0.0010470997111982124,-0.0006450466290108807
PRAGSr_f,-0.002815597629302854,-0.003123176706047254,-0.0005665826179501474
GLUPRT,-0.002815597554949027,-0.003123176626420551,-0.0005665825895182948
PRAIS,-0.0028155985273128794,-0.0031231777154939206,-0.0005665827676491814
PRFGS,-0.002815600481215533,-0.0031231799009671327,-0.0005665831392525548
AIRC2,-0.0028153091591825215,-0.0031236909027807344,-0.0005658441365575391
AIRC3_b,-0.0028153127210606165,-0.003123694888110677,-0.0005658448229261435
PRASCSi,-0.0028153168445308597,-0.003123699504083934,-0.0005658456182542265
ADSL2r_f,-0.0028153213375622017,-0.003123704537569329,-0.0005658464840055566
NDPK2_f,0.0,0.0,0.0
VALTA_b,0.00011649027647974996,7.651063615586762e-05,-0.002626349199257408
DHQTi,0.0,0.0,0.0
DDPA,0.0,0.0,0.0
DHQS,0.0,0.0,0.0
CHORS,0.0,0.0,0.0
SHK3Dr_f,0.0,0.0,0.0
PSCVT_f,0.0,0.0,0.0
SHKK,0.0,0.0,0.0
UMPK_f,0.0,0.0,0.0
DAPE_f,0.0,0.0,0.0
DHDPS,0.0,0.0,0.0
SDPTA_b,0.0,0.0,0.0
SDPDS,0.0,0.0,0.0
THDPS,0.0,0.0,0.0
DHDPRy,0.0,0.0,0.0
ECOAH5_f,0.0,0.0,0.0
ACACT5r_f,0.0,0.0,0.0
HACD5_f,0.0,0.0,0.0
ACOAD5f_b,0.0,0.0,0.0
ECOAH4_f,0.0,0.0,0.0
ACOAD4f_b,0.0,0.0,0.0
HACD4_f,0.0,0.0,0.0
ACOAD2f_b,0.0,0.0,0.0
ECOAH1_f,0.0,0.0,0.0
ACOAD1f_b,0.0,0.0,0.0
ACACT4r_f,0.0,0.0,0.0
ACACT2r_f,0.0,0.0,0.0
ECOAH2_f,0.0,0.0,0.0
HACD2_f,0.0,0.0,0.0
HACD3_f,0.0,0.0,0.0
ACOAD3f_b,0.0,0.0,0.0
ACACT3r_f,0.0,0.0,0.0
ACACT1r_f,0.0,0.0,0.0
ECOAH3_f,0.0,0.0,0.0
HACD1_f,0.0,0.0,0.0
DAPDC,0.0,0.0,0.0
GARFT_f,-0.0011557558187867212,-0.0012217339611950984,0.00019472432387154212
ORPT_b,0.0027267030595756227,-0.001207752657120219,-0.0021529611434396583
DHORD2,0.00272670338939229,-0.001207752806440106,-0.0021529613648988556
OMPDC,0.0027267038276004335,-0.0012077530005580458,-0.002152961673207895
ASPCT,0.0027267043534599284,-0.001207753230278886,-0.002152962052057387
DHORTS_b,0.00272670494288883,-0.0012077534849326656,-0.0021529624824972323
CHORM,0.0,0.0,0.0
ADSL1r_f,0.0,0.0,0.0
ADSS,0.0,0.0,0.0
ARGSL_f,-0.00015483955802507,0.00019140408635676663,-0.00017684822507620725
ACODA,0.0,0.0,0.0
OCBT_f,-0.00015483961585015723,0.00019140415815805872,-0.0001768482912549593
ARGSS,-0.00015483985264331767,0.00019140445119879816,-0.00017684856184558065
ACOTA_b,0.0,0.0,0.0
AGPR_b,0.0,0.0,0.0
ACGK,0.0,0.0,0.0
ACGS,0.0,0.0,0.0
ACHBS,0.0,0.0,0.0
THRD_L,0.0,0.0,0.0
KARA2_f,0.0,0.0,0.0
ILETA_b,0.0,0.0,0.0
DHAD2,0.0,0.0,0.0
ACACT6r_f,0.0,0.0,0.0
HACD7_f,0.0,0.0,0.0
ECOAH7_f,0.0,0.0,0.0
ACACT7r_f,0.0,0.0,0.0
ACOAD6f_b,0.0,0.0,0.0
ECOAH6_f,0.0,0.0,0.0
HACD6_f,0.0,0.0,0.0
EX_so4(e)_b,0.0002087948100836837,-0.0035481544118444535,-0.0026595337535451216
SO4t2pp,0.00020879482204134718,-0.0035481544150460205,-0.00265953377757629
SO4tex_f,0.00020879482683429037,-0.0035481542432643427,-0.002659533676459614
SADT2,0.00022991084073403415,-0.00367680385598186,-0.0027141177687821645
SULRi,6.453462345897324e-05,-0.0005083770350642146,-0.001426044414253858
ADSK,0.0002299108371604401,-0.003676803275053491,-0.0027141173838725456
CYSS,6.997723103488308e-05,-0.00040228106620050335,-0.0016409304674852082
TRDR,-2.4190434829825362e-05,-0.002300832698869626,-0.001779748968326557
SERAT_f,6.997723203577006e-05,-0.00040228093091527355,-0.0016409301666908877
BPNT,0.00022991084388715292,-0.003676802015777152,-0.0027141166151671615
PAPSR,0.00022991083770382097,-0.003676801356252904,-0.00271411620266684
IMPD,-0.0024998836631010845,-0.001347596887846683,-0.002445356722517879
GMPS2,0.0,0.0,0.0
GK1_f,0.0,0.0,0.0
ASNS2,-0.0005882134886727548,0.004792889446343522,-0.0033578273026162457
P5CR,0.0,0.0,0.0
GLU5K,0.0,0.0,0.0
G5SD,0.0,0.0,0.0
G5SADs,0.0,0.0,0.0
Ktex_f,0.0,0.0,0.0
Kt2pp,0.0,0.0,0.0
EX_k(e)_b,0.0,0.0,0.0
PPNDH,0.0,0.0,0.0
PHETA1_b,0.0,0.0,0.0
NDPK3_f,0.0,0.0,0.0
CYTK1_f,0.0,0.0,0.0
CTPS2,0.0,0.0,0.0
MTHFR2,0.0,0.0,0.0
METS,0.0,0.0,0.0
HSST,0.0,0.0,0.0
CYSTL,0.0,0.0,0.0
SHSL1,0.0,0.0,0.0
AACPS4,0.0,0.0,0.0
CTECOAI7_b,0.0,0.0,0.0
FACOAE161,0.0,0.0,0.0
G3PD2_b,0.0,0.0,0.0
PPND,0.0,0.0,0.0
TYRTA_b,0.0,0.0,0.0
FACOAE160,0.0,0.0,0.0
ACOAD7f_b,0.0,0.0,0.0
AACPS3,0.0,0.0,0.0
GART,-0.00017458258949044436,-0.00021985253072868039,-0.00022084550145550356
POR5_f,0.0,0.0,0.0
PRAMPC,0.0,0.0,0.0
PRMICI_f,0.0,0.0,0.0
PRATPP,0.0,0.0,0.0
HISTD,0.0,0.0,0.0
IG3PS,0.0,0.0,0.0
ATPPRT,0.0,0.0,0.0
HISTP,0.0,0.0,0.0
HSTPT,0.0,0.0,0.0
IGPDH,0.0,0.0,0.0
G1PACT,0.0,0.0,0.0
UAGDP,0.0,0.0,0.0
GF6PTA,0.0,0.0,0.0
PGAMT_b,0.0,0.0,0.0
ACCOAC,0.0,0.0,0.0
MCOATA_f,0.0,0.0,0.0
FACOAE120,0.0,0.0,0.0
AACPS7,0.0,0.0,0.0
3OAS140,0.0,0.0,0.0
3OAR140_f,0.0,0.0,0.0
AGPAT161,0.0,0.0,0.0
DASYN161,0.0,0.0,0.0
PSSA161,0.0,0.0,0.0
PSD161,0.0,0.0,0.0
G3PAT161,0.0,0.0,0.0
G3PAT160,0.0,0.0,0.0
DASYN160,0.0,0.0,0.0
PSD160,0.0,0.0,0.0
PSSA160,0.0,0.0,0.0
AGPAT160,0.0,0.0,0.0
TRPS3,0.0,0.0,0.0
TRPAS2_b,0.0,0.0,0.0
IGPS,0.0,0.0,0.0
ANPRT,0.0,0.0,0.0
PRAIi,0.0,0.0,0.0
ANS,0.0,0.0,0.0
PE160abcpp,0.0,0.0,0.0
ALAR_f,0.0,0.0,0.0
KDOCT2,0.0,0.0,0.0
KDOPP,0.0,0.0,0.0
A5PISO_f,0.0,0.0,0.0
KDOPS,0.0,0.0,0.0
U23GAAT,0.0,0.0,0.0
UHGADA,0.0,0.0,0.0
UAGAAT_f,0.0,0.0,0.0
UAAGDS,0.0,0.0,0.0
UAMAS,0.0,0.0,0.0
GLUR_b,0.0,0.0,0.0
UAPGR,0.0,0.0,0.0
PAPPT3,0.0,0.0,0.0
UAMAGS,0.0,0.0,0.0
UAGCVT,0.0,0.0,0.0
ALAALAr_f,0.0,0.0,0.0
UAGPT3,0.0,0.0,0.0
UDCPDP,0.0,0.0,0.0
UGMDDS,0.0,0.0,0.0
RNTR2c2,0.0,0.0,0.0
RNTR3c2,0.0,0.0,0.0
DHFR_f,0.0,0.0,0.0
NDPK4_f,0.0,0.0,0.0
TMDS,0.0,0.0,0.0
RNTR4c2,0.0,0.0,0.0
DUTPDP,0.0,0.0,0.0
RNTR1c2,0.0,0.0,0.0
DTMPK_f,0.0,0.0,0.0
PE161abcpp,0.0,0.0,0.0
USHD,0.0,0.0,0.0
MOAT2,0.0,0.0,0.0
K2L4Aabcpp,0.0,0.0,0.0
MOAT,0.0,0.0,0.0
K2L4Aabctex,0.0,0.0,0.0
LPADSS,0.0,0.0,0.0
TDSK,0.0,0.0,0.0
MPTG,0.0,0.0,0.0
MCTP1App,0.0,0.0,0.0
DALAt2pp,0.0,0.0,0.0
EX_mg2(e)_b,0.0,0.0,0.0
MG2tex_f,0.0,0.0,0.0
MG2t3_2pp_f,0.0,0.0,0.0
FE2tpp,0.0,0.0,0.0
EX_fe2(e)_b,0.0,0.0,0.0
FE2tex_f,0.0,0.0,0.0
EX_fe3(e)_b,0.0,0.0,0.0
FE3tex_f,0.0,0.0,0.0
FE3abcpp,0.0,0.0,0.0
CA2tex_f,0.0,0.0,0.0
CAt6pp_b,0.0,0.0,0.0
EX_ca2(e)_b,0.0,0.0,0.0
CLtex_f,0.0,0.0,0.0
EX_cl(e)_b,0.0,0.0,0.0
GLUTRS,0.0,0.0,0.0
GLUTRR,0.0,0.0,0.0
G1SAT_f,0.0,0.0,0.0
DXPS,0.0,0.0,0.0
CLt3_2pp,0.0,0.0,0.0
MECDPDH5,0.0,0.0,0.0
MECDPS,0.0,0.0,0.0
MEPCT,0.0,0.0,0.0
CDPMEK,0.0,0.0,0.0
DXPRIi,0.0,0.0,0.0
MOX_b,0.0019333059747503219,0.003437454160062016,-0.0005812420319246536
ASPO6,0.0,0.0,0.0
NNDPR,0.0,0.0,0.0
QULNS,0.0,0.0,0.0
NADS1,0.0,0.0,0.0
NNATr_f,0.0,0.0,0.0
IPDPS,0.0,0.0,0.0
ICYSDS,0.0,0.0,0.0
PPBNGS,0.0,0.0,0.0
GLYCLTt2rpp_b,0.0,0.0,0.0
METAT,0.0,0.0,0.0
RBFSa,0.0,0.0,0.0
DB4PS,0.0,0.0,0.0
CU2tex_f,0.0,0.0,0.0
CU2tpp,0.0,0.0,0.0
EX_cu2(e)_b,0.0,0.0,0.0
EX_mn2(e)_b,0.0,0.0,0.0
MN2tpp,0.0,0.0,0.0
MNtex_f,0.0,0.0,0.0
ADNK1,0.0,0.0,0.0
PUNP1_b,0.0,0.0,0.0
PPM_b,0.0,0.0,0.0
SUCDi,7.492081284608343e-05,-0.0002521001809173712,0.0007673730673305251
DHPS2,0.0,0.0,0.0
ADCL,0.0,0.0,0.0
DHFS,0.0,0.0,0.0
HPPK2,0.0,0.0,0.0
GTPCI,0.0,0.0,0.0
GCALDD,0.0,0.0,0.0
EX_glyclt(e)_f,0.0,0.0,0.0
DHNPA2r_f,0.0,0.0,0.0
DNTPPA,0.0,0.0,0.0
ADCS,0.0,0.0,0.0
DNMPPA,0.0,0.0,0.0
GLYCLTtex_b,0.0,0.0,0.0
GLYCLTt4pp,0.0,0.0,0.0
PROt2rpp_b,0.0,0.0,0.0
PROt4pp,0.0,0.0,0.0
THRt4pp,0.0,0.0,0.0
THRt2rpp_b,0.0,0.0,0.0
GLUt4pp,0.0,0.0,0.0
GLUt2rpp_b,0.0,0.0,0.0
GLYt4pp,0.0,0.0,0.0
GLYt2rpp_b,0.0,0.0,0.0
ALAt2rpp_b,0.0,0.0,0.0
ALAt4pp,-0.0002837855691939963,0.0007433990193634903,0.001300075370735162
SERt2rpp_b,0.0,0.0,0.0
SERt4pp,0.0,0.0,0.0
ACt4pp,0.0,0.0,0.0
DPCOAK,0.0,0.0,0.0
PTPATi,0.0,0.0,0.0
PPCDC,0.0,0.0,0.0
PPNCL2,0.0,0.0,0.0
DPR,0.0,0.0,0.0
PNTK,0.0,0.0,0.0
MOHMT,0.0,0.0,0.0
PANTS,0.0,0.0,0.0
ASP1DC,0.0,0.0,0.0
MPTSS,0.0,0.0,0.0
MOADSUx,0.0,0.0,0.0
DHPTDCs2,0.0,0.0,0.0
DM_MTHTHF,0.0,0.0,0.0
MTHTHFSs,0.0,0.0,0.0
RHCCE,0.0,0.0,0.0
AHCYSNS,0.0,0.0,0.0
NADK,0.0,0.0,0.0
UPP3S,0.0,0.0,0.0
PMDPHT,0.0,0.0,0.0
HMBS,0.0,0.0,0.0
APRAUR,0.0,0.0,0.0
GTPCII2,0.0,0.0,0.0
RBFSb,0.0,0.0,0.0
DHPPDA2,0.0,0.0,0.0
Zn2tex_f,0.0,0.0,0.0
ZN2tpp,0.0,0.0,0.0
EX_zn2(e)_b,0.0,0.0,0.0
NI2tex_f,0.0,0.0,0.0
NI2tpp,0.0,0.0,0.0
EX_ni2(e)_b,0.0,0.0,0.0
I2FE2SS,0.0,0.0,0.0
GRTT,0.0,0.0,0.0
DMATT,0.0,0.0,0.0
DMPPS,0.0,0.0,0.0
I2FE2SS2,0.0,0.0,0.0
I4FE4SR,0.0,0.0,0.0
I4FE4ST,0.0,0.0,0.0
MPTAT,0.0,0.0,0.0
CPMPS,0.0,0.0,0.0
MPTS,0.0,0.0,0.0
5DOAN,0.0,0.0,0.0
DM_5DRIB,0.0,0.0,0.0
FMNAT,0.0,0.0,0.0
CPPPGO,0.0,0.0,0.0
UPPDC1,0.0,0.0,0.0
SHCHD2,0.0,0.0,0.0
THZPSN3,0.0,0.0,0.0
SHCHF,0.0,0.0,0.0
DM_4CRSOL,0.0,0.0,0.0
RBFK,0.0,0.0,0.0
TMPK,0.0,0.0,0.0
TYRL,0.0,0.0,0.0
OPHHX,0.0,0.0,0.0
PMPK,0.0,0.0,0.0
FCLT,0.0,0.0,0.0
PERD_f,0.0,0.0,0.0
TMPPP,0.0,0.0,0.0
OPHBDC,0.0,0.0,0.0
PDX5PO2,0.0,0.0,0.0
UPP3MT,0.0,0.0,0.0
CHRPL,0.0,0.0,0.0
PPPGO3,0.0,0.0,0.0
HBZOPT,0.0,0.0,0.0
OHPBAT_f,0.0,0.0,0.0
E4PD_f,0.0,0.0,0.0
PDX5PS,0.0,0.0,0.0
OCTDPS,0.0,0.0,0.0
AMPMS2,0.0,0.0,0.0
EX_mobd(e)_b,0.0,0.0,0.0
MOBDabcpp,0.0,0.0,0.0
MOBDtex_f,0.0,0.0,0.0
BMOCOS,0.0,0.0,0.0
BMOGDS1,0.0,0.0,0.0
BMOGDS2,0.0,0.0,0.0
MOCOS,0.0,0.0,0.0
UDCPDPS,0.0,0.0,0.0
I2FE2ST,0.0,0.0,0.0
COBALT2tex_f,0.0,0.0,0.0
EX_cobalt2(e)_b,0.0,0.0,0.0
COBALT2tpp,0.0,0.0,0.0
AOXSr2,0.0,0.0,0.0
AMAOTr_f,0.0,0.0,0.0
MEOHtex_b,0.0,0.0,0.0
DM_AMOB,0.0,0.0,0.0
OGMEACPD,0.0,0.0,0.0
BTS5,0.0,0.0,0.0
EPMEACPR,0.0,0.0,0.0
OGMEACPR,0.0,0.0,0.0
MALCOAMT,0.0,0.0,0.0
PMEACPE,0.0,0.0,0.0
DBTS,0.0,0.0,0.0
OPMEACPD,0.0,0.0,0.0
MEOHtrpp_b,0.0,0.0,0.0
EGMEACPR,0.0,0.0,0.0
OGMEACPS,0.0,0.0,0.0
OPMEACPR,0.0,0.0,0.0
EX_meoh(e)_f,0.0,0.0,0.0
OPMEACPS,0.0,0.0,0.0
I2FE2SR,0.0,0.0,0.0
